{"accuracy": 0.8253206958242929, "f1_score": 0.6265158297387483, "class 1 precision": 0.5860231425091352, "class 1 recall": 0.6730197586990733, "class 0 precision": 0.905090595340811, "class 0 recall": 0.8677014402491242}