{"accuracy": 0.826694433926543, "f1_score": 0.6302011796073362, "class 1 precision": 0.5891238670694864, "class 1 recall": 0.6774361646690985, "class 0 precision": 0.9061647296614451, "class 0 recall": 0.8683000048419116}