{"accuracy": 0.8322425994977551, "f1_score": 0.6280266599173205, "class 1 precision": 0.6069797782126549, "class 1 recall": 0.6505855619646915, "class 0 precision": 0.9007940446650124, "class 0 recall": 0.8827878021497009}