{"accuracy": 0.8273356664637858, "f1_score": 0.6302842714018082, "class 1 precision": 0.5905067155067155, "class 1 recall": 0.6758078602620088, "class 0 precision": 0.905958654235914, "class 0 recall": 0.8695229295336283}

