{"accuracy": 0.8247956716933349, "f1_score": 0.6315959335162176, "class 1 precision": 0.5822671823861946, "class 1 recall": 0.6900564174894217, "class 0 precision": 0.9090956099074409, "class 0 recall": 0.8622786796802198}