{"accuracy": 0.8140150352868978, "f1_score": 0.6297059946544482, "class 1 precision": 0.5555855006063872, "class 1 recall": 0.7266478674656327, "class 0 precision": 0.9168409200579057, "class 0 recall": 0.8383174821060888}