{"accuracy": 0.8265217226620204, "f1_score": 0.629389868910827, "class 1 precision": 0.5887072358462004, "class 1 recall": 0.6761126564673157, "class 0 precision": 0.9058853245769134, "class 0 recall": 0.8684197781974914}