{"accuracy": 0.8266187050359712, "f1_score": 0.6300993618224412, "class 1 precision": 0.5889459377831471, "class 1 recall": 0.6774361646690985, "class 0 precision": 0.906155245603396, "class 0 recall": 0.8682031666101777, "roc_auc_score": 0.7728196656396381}