{"accuracy": 0.8495645588792125, "f1_score": 0.5901165789745177, "class 1 precision": 0.7266260162601627, "class 1 recall": 0.49678652075733887, "class 0 precision": 0.8710954881196049, "class 0 recall": 0.947901031327168, "roc_auc_score": 0.7223437760422533}