{"accuracy": 0.8141301012580546, "f1_score": 0.6296239682054418, "class 1 precision": 0.5558704453441295, "class 1 recall": 0.7259428974268594, "class 0 precision": 0.9166755974707963, "class 0 recall": 0.8386606530051965}