{"accuracy": 0.8324328437714025, "f1_score": 0.6284171447856902, "class 1 precision": 0.6074049910291959, "class 1 recall": 0.6509351511973431, "class 0 precision": 0.9008982184506973, "class 0 recall": 0.8829337094499294}