{"accuracy": 0.825168436679228, "f1_score": 0.6264335095567304, "class 1 precision": 0.5856143552311436, "class 1 recall": 0.6733694701870957, "class 0 precision": 0.9051535922823052, "class 0 recall": 0.8674094978590892}