{"accuracy": 0.836501325255585, "f1_score": 0.6249782873024144, "class 1 precision": 0.6249782873024144, "class 1 recall": 0.6249782873024144, "class 0 precision": 0.8954631288432673, "class 0 recall": 0.8954631288432673, "roc_auc_score": 0.7602207080728408}