{"accuracy": 0.8254729549693578, "f1_score": 0.6269021075758808, "class 1 precision": 0.5863013698630137, "class 1 recall": 0.6735443259311068, "class 0 precision": 0.9052332368915283, "class 0 recall": 0.86775009731413}