{"accuracy": 0.8268645357686454, "f1_score": 0.6293580971000325, "class 1 precision": 0.5893211289092296, "class 1 recall": 0.6752316028666318, "class 0 precision": 0.9058048162230672, "class 0 recall": 0.8690597791721387}